{"cameraMode":{"drawMode":0,"name":"Shaded","section":"Shading Mode"},"sceneLighting":true,"audioPlay":false,"sceneViewState":{"showFog":true,"showMaterialUpdate":false,"showSkybox":false,"showFlares":true,"showImageEffects":true,"showParticleSystems":true,"showVisualEffectGraphs":true,"m_FxEnabled":true},"in2DMode":false,"pivot":{"x":-0.8017045259475708,"y":-0.9542562365531921,"z":-7.905154705047607},"rotation":{"x":-0.00008038565283641219,"y":0.9971492290496826,"z":0.07913276553153992,"w":0.0007115736370906234},"size":9.099742889404297,"orthographic":false}